,Country_Name,Year,Life_Expectancy,Health_Expenditure,GDP_Per_Capita,Primary_School_Enrollment,Secondary_School_Enrollment,Tertiary_School_Enrollment,Unemployment,Education
530,South Asia,2005,64.78317085,0.008235283520098646,0.02174943221123469,0.5516414183625076,0.25985965042464126,0.06852579767832136,0.0775835811868376,0.2933422888218234
