,Country_Name,Year,Life_Expectancy,Health_Expenditure,GDP_Per_Capita,Primary_School_Enrollment,Secondary_School_Enrollment,Tertiary_School_Enrollment,Unemployment,Education
530,Lithuania,2000,72.0195122,0.050571989150431526,0.0962845063583959,0.5563828242340663,0.5656667803605642,0.3846150559007424,0.4245922267025863,0.5022215534984577
