LE,Predicted LE,Error,Health_Expenditure,GDP_Per_Capita,Education,Unemployment
79.28780488,77.47035228526438,1.817452594735613,0.5328770378014165,0.7631421358464978,0.3911756110133831,0.12228642757718612
79.108,80.60356806843583,1.49556806843583,0.2203930973412148,1.0,0.4130961301975773,0.006747655985229785
75.193,64.82239675985727,10.370603240142728,0.15343416029728607,0.6350634108071614,0.4679390440242748,0.18259427582315946
77.82439024,70.57742469406922,7.246965545930777,0.3638848403859894,0.6880402261924486,0.3892324795639292,0.04331995253988807
