LE,Predicted LE,Error,Health_Expenditure,GDP_Per_Capita,Education,Unemployment
77.72682927,72.39267026009435,5.3341590099056475,0.42580477581759657,0.709901652381362,0.3893794731129861,0.09379242244571756
80.39512195,80.82466617371547,0.4295442237154674,0.4571305844427462,0.5397703550821791,0.5870078948228256,0.0619003031972408
78.74146341,83.74806529116208,5.006601881162084,0.8546198708962466,0.4186069764646437,0.5948593492894059,0.21240002422325516
