LE,Predicted LE,Error,Health_Expenditure,GDP_Per_Capita,Education,Unemployment
80.09756098,79.44151838396384,0.6560425960361584,0.4060054546316733,0.38713417177685655,0.5894861653830784,0.1066858441409468
78.78536585,78.3544476616236,0.4309181883764097,0.30635997842461543,0.4883994395755259,0.5801403364623641,0.09550093263344134
