LE,Predicted LE,Error,Health_Expenditure,GDP_Per_Capita,Education,Unemployment
82.29268293,83.39431863590004,1.101635705900037,0.6496603970937246,0.7799375191550725,0.42061350765050304,0.1745915626319826
80.63170732,83.52837044427889,2.896663124278888,0.6154721414540814,0.7633023760650636,0.4097856586576503,0.11230258905553818
