LE,Predicted LE,Error,Health_Expenditure,GDP_Per_Capita,Education,Unemployment
73.47,69.72638094831913,3.7436190516808665,0.048947198939254734,0.06386485952981727,0.3761534676559733,0.8183557793247304
81.38780488,86.6081424371456,5.220337557145598,0.2272367216074641,0.19689093426623344,0.707311753234514,0.6299369264786553
