LE,Predicted LE,Error,Health_Expenditure,GDP_Per_Capita,Education,Unemployment
72.83414634,65.89910198082606,6.9350443591739435,0.07467459838958912,0.08493254575605615,0.4658716796551384,0.5573564279968313
80.73170732,77.53921379225311,3.1924935277468904,0.2387391577275638,0.2132602702974513,0.647528562034713,0.476781311892061
83.22926829,85.6000115670322,2.3707432770322043,0.3063356135754469,0.2556364326510875,0.6608275099747961,0.6542878362005522
73.781,77.64399910082085,3.8629991008208435,0.05707502545802305,0.06610832144341347,0.3749197831110669,0.9848878896392862
73.38536585,66.4737084176789,6.911657432321093,0.08541096174625926,0.09414067318904096,0.470240477195663,0.5573564279968313
75.171,70.85457923693096,4.316420763069047,0.08394213594225493,0.09365090897296947,0.39309157696736813,0.7772247383125835
74.19,79.03958694018553,4.849586940185532,0.059428126151251925,0.08195360401164321,0.3905983113418665,0.9375059279797694
