LE,Predicted LE,Error,Health_Expenditure,GDP_Per_Capita,Education,Unemployment
61.968,67.08883079116735,5.12083079116735,0.10249337487713048,0.09794722102582763,0.4451812475003424,0.6666036783468996
73.642,70.79956521438869,2.842434785611303,0.055081565427129546,0.0646968619613374,0.3784206827751735,0.8566824695097807
75.596,65.75445631795738,9.841543682042627,0.06615140292151528,0.09107197087986292,0.3893711530665698,0.6447952377793811
82.42682927,86.03683423381659,3.6100049638165927,0.2921551208405526,0.2549135365832201,0.6451165932123707,0.6636239337979116
75.752,63.616869269816064,12.135130730183931,0.0663832194374048,0.09434267686455257,0.3986419844190988,0.5684954254273086
80.63414634,85.24401661500858,4.609870275008575,0.2248427074680428,0.19836052641006874,0.6651183779665488,0.6542338846391196
