LE,Predicted LE,Error,Health_Expenditure,GDP_Per_Capita,Education,Unemployment
82.29268293,83.03054781508251,0.7378648850825158,0.6496603970937246,0.7799375191550725,0.42061350765050304,0.1745915626319826
78.74146341,83.82623067645417,5.084767266454179,0.8749818194570184,0.4234402336068269,0.584383770977548,0.19365503558130612
77.48780488,76.71847481266937,0.7693300673306283,0.6170782016832221,0.3988441445980268,0.5688817831801953,0.14382225310991986
77.03658537,75.34975609573252,1.686829274267481,0.580245209943161,0.3876559640814458,0.5657544554470592,0.1562406317520804
80.63170732,80.51344669276673,0.11826062723326913,0.6154721414540814,0.7633023760650636,0.4097856586576503,0.11230258905553818
82.1,84.5748634848006,2.4748634848006077,0.6265631943695761,0.525818957621935,0.5930154129201028,0.0886318143527461
78.03902439,81.22510971545225,3.186085325452254,0.7512191775330855,0.4162364323210517,0.5851288565016078,0.15072105632838134
80.9902439,72.66083131321892,8.329412586781075,0.5524643816002872,0.3686037246470899,0.5522629829711706,0.10585183378414116
