LE,Predicted LE,Error,Health_Expenditure,GDP_Per_Capita,Education,Unemployment
81.70487805,89.34998740866725,7.645109358667241,0.5358406181102854,0.5124142376010112,0.607382135191911,0.22061868536094656
78.6902439,81.66006177088525,2.969817870885251,0.9649204071942444,0.4400305548965909,0.5908239764505656,0.1371123834336714
80.59268293,83.88787660604447,3.2951936760444767,0.4998507865527669,0.5356023063888828,0.5781050894854216,0.06342527240779469
78.84146341,81.0285697650379,2.1871063550378977,0.9170917016719508,0.4307507115938389,0.5864626693263878,0.16106655846327847
