LE,Predicted LE,Error,Health_Expenditure,GDP_Per_Capita,Education,Unemployment
74.83658537,67.23822628342833,7.598359086571662,0.12927321493946908,0.10911038409970177,0.4942013728587361,0.6423742113252741
72.101,71.45853435347908,0.6424656465209182,0.032771316912515704,0.09057834642348314,0.3801542871425337,0.6348194944750856
81.28536585,88.40442656803256,7.119060718032557,0.21984003359750603,0.1931773363878063,0.6736147404213954,0.735931791064044
83.32926829,78.07886713118535,5.250401158814654,0.3286638673677688,0.2737538899088773,0.659686411184511,0.52455473154958
