LE,Predicted LE,Error,Health_Expenditure,GDP_Per_Capita,Education,Unemployment
72.945,66.75986537427548,6.1851346257245154,0.034214924490781874,0.06461839908072023,0.4385535581372349,0.5484495237211635
74.2,75.58336413065777,1.3833641306577675,0.06165720524766464,0.119178667147863,0.5052457457863981,0.4905114271901453
