LE,Predicted LE,Error,Health_Expenditure,GDP_Per_Capita,Education,Unemployment
78.083,86.70895804178176,8.625958041781757,0.3111716923898829,0.9773439243107314,0.43800240983859656,0.034548001149106555
78.63414634,73.47984172373751,5.154304616262493,0.2876996546997461,0.4807583866732839,0.5825784055227864,0.08793276020067355
