,Country_Name,Year,Life_Expectancy,Health_Expenditure,GDP_Per_Capita,Primary_School_Enrollment,Secondary_School_Enrollment,Tertiary_School_Enrollment,Unemployment,Education
530,Norway,2007,80.39512195,0.45713058444274624,0.5397703550821791,0.5150763725065071,0.6736649872676014,0.5722823246943682,0.061900303197240804,0.5870078948228256
