LE,Predicted LE,Error,Health_Expenditure,GDP_Per_Capita,Education,Unemployment
80.53902439,81.16203729923664,0.6230129092366496,0.5790169467111517,0.7897727987186818,0.3922618944153573,0.13117714133717698
82.68536585,86.15704435359163,3.471678503591633,0.6449768579065076,0.7817274090370027,0.4291331095378008,0.16439180191287686
