LE,Predicted LE,Error,Health_Expenditure,GDP_Per_Capita,Education,Unemployment
72.83414634,65.68690309569982,7.147243244300185,0.07467459838958912,0.08493254575605615,0.4658716796551384,0.5573564279968313
80.73170732,77.12464947738422,3.607057842615774,0.2387391577275638,0.2132602702974513,0.647528562034713,0.476781311892061
83.22926829,85.5730057233034,2.343737433303403,0.3063356135754469,0.2556364326510875,0.6608275099747961,0.6542878362005522
73.781,78.1333150859887,4.3523150859886925,0.05707502545802305,0.06610832144341347,0.3749197831110669,0.9848878896392862
73.38536585,66.25612975357154,7.129236096428457,0.08541096174625926,0.09414067318904096,0.470240477195663,0.5573564279968313
75.171,71.01056625320695,4.1604337467930605,0.08394213594225493,0.09365090897296947,0.39309157696736813,0.7772247383125835
74.19,79.28732787767555,5.0973278776755535,0.059428126151251925,0.08195360401164321,0.3905983113418665,0.9375059279797694
