LE,Predicted LE,Error,Health_Expenditure,GDP_Per_Capita,Education,Unemployment
75.13,74.59818677920025,0.5318132207997479,0.2949075667488759,0.5832188348432295,0.5131288842655317,0.05398125233529151
81.39268293,80.81234361315032,0.5803393168496882,0.6162205472109908,0.7445366534930641,0.40942340904897256,0.13333638930372738
