LE,Predicted LE,Error,Health_Expenditure,GDP_Per_Capita,Education,Unemployment
77.87317073,69.35449515564144,8.518675574358554,0.3313423201862216,0.6790086335688579,0.3878818734615429,0.057902987827045664
81.75121951,84.94175243752605,3.19053292752605,0.6082796028381587,0.5214336381033224,0.5926054968596434,0.0869934850276606
81.20487805,81.912858992877,0.7079809428770005,0.4909119644180458,0.3847886015602303,0.6480355827113501,0.12894231991595453
80.99756098,82.28216399313462,1.284603013134614,0.5252792978142307,0.5168566931199905,0.5798388826561833,0.08964666298043115
78.425,81.2013407532992,2.776340753299209,0.24113184522966524,0.9763726680616642,0.38973912030291774,0.018083719179420223
