LE,Predicted LE,Error,Health_Expenditure,GDP_Per_Capita,Education,Unemployment
82.29268293,85.9171977791773,3.6245148491773023,0.6496603970937246,0.7799375191550725,0.42061350765050304,0.1745915626319826
80.63170732,81.9917649995203,1.3600576795202954,0.6154721414540814,0.7633023760650636,0.4097856586576503,0.11230258905553818
