,dataset,k,Average Mean Error,Average stdDev
1,1,1296.0,9.74034646588273,3.921416011128511
2,2,1296.0,31.32104966212549,2.3323992963238784
3,3,1296.0,5.883284899223699,2.711148600512802
4,4,1296.0,8.483479692968773,3.0295081924362335
5,5,1296.0,3.0275927500705984,1.9499087158435382
