,Series,k,centroidNum,Mean,stdDev,count
1,1,2,1,11.087293868989395,9.539439142173478,77
2,1,2,2,4.850845377753503,3.530576917629219,29
