,Series,k,centroidNum,Mean,stdDev,count
1,1,2,1,5.009386558048159,2.6834858608636583,26
2,1,2,2,11.228568967739438,9.516655353795388,80
