,dataset,k with min Average Mean Error,Average Mean Error at k,Average stdDev at k
1,1,41,2.120386929,2.389743605
2,2,35,2.118507644,2.330946813
3,3,39,2.120214137,2.343546292
4,4,39,2.122089962,2.345210974
5,5,39,2.122707998,2.339231525
6,6,39,2.122234215,2.336469553
7,7,39,2.120867119,2.339882294
8,8,39,2.11824741,2.340979544
9,9,39,2.119204169,2.339061524
10,10,39,2.118872887,2.338973832
,,38.8,2.120333247,2.344404596
