,dataset,k with min Average Mean Error,Average Mean Error at k,Average stdDev at k
1,1,41,2.121160816063417,2.3814921538393317
2,2,28,2.110539349433816,2.2623049541819276
3,3,39,2.1185179096000004,2.3141540223000003
4,4,41,2.1277645857,2.3586047554
5,5,40,2.1244014983,2.3159505528
6,6,41,2.1193691725000003,2.3279371772
7,7,38,2.1124411181000005,2.3446286526
8,8,39,2.1011940063999996,2.3435237825
9,9,41,2.1253808359,2.3228542981
10,10,37,2.0916878090999997,2.2751175457999997
