,Unnamed: 0,Series,k,Mean,stdDev
0,311,1,32,2.35979959,2.94988107
1,152,2,16,2.168031418,1.806913134
2,303,3,31,1.974412948,2.721274262
3,384,4,39,1.882756335,2.408243797
4,245,5,25,1.550020316,1.271036442
5,36,6,4,1.748667376,1.891826963
6,637,7,64,2.321097425,3.279927484
7,408,8,41,2.150680693,2.185943479
8,39,9,4,2.411306404,2.073836258
9,480,10,48,2.261508095,3.010802076
,,,30.4,2.08282806,2.359968496
