,Series,Mean,stdDev
1,1,9.695781962700707,7.370014416804583
2,2,9.780301282814829,7.902150163433484
3,3,9.16448268275423,7.336709235188033
4,4,8.957915451265599,7.105149212564294
5,5,9.10777843311845,7.143348272126304
6,6,11.670858335601968,9.296255579633552
7,7,10.893497369942583,9.199376202916216
8,8,9.164603933234694,6.747410577827476
9,9,8.630318182668665,6.819294000150643
10,10,9.125907841193234,6.984369590124374
