,Series,Mean,stdDev
1,1,9.933825412635949,8.009866039292394
2,2,9.710243421050905,8.999159925712206
3,3,9.276878359636063,6.370472320652245
4,4,9.337701589415829,8.336248413011225
5,5,8.983407240269464,7.230805033075973
6,6,10.901955522241717,8.575855427576933
7,7,9.352925809033502,6.945421842706154
8,8,10.352594161261058,8.002640788820504
9,9,9.396039414545676,7.029434085774223
10,10,9.014744550752996,6.831233814008844
