,Series,Mean,stdDev
1,1,10.416862647709031,9.469100247696426
2,2,9.565732477565707,7.957652345050813
3,3,9.545609156839358,7.141538592797508
4,4,8.834294682201147,6.978737345998375
5,5,9.616367092093038,7.809603081672969
6,6,8.44122513233819,6.058418580828599
7,7,10.344318795741422,8.56484155101394
8,8,10.467647688004583,8.139769919407826
9,9,9.725267649645565,7.228981361792951
10,10,9.375105679247099,6.871595714631166
