,Series,Mean,stdDev
1,1,10.708046314276814,8.16472176115415
2,2,9.255995698865156,7.601513879486374
3,3,8.926617684224636,7.377114593123525
4,4,9.762478711378904,7.037001125877799
5,5,9.678791177962395,7.287463716066778
6,6,9.353687287976769,7.8115417436470596
7,7,8.526363691152074,6.273803537251157
8,8,9.934787693745463,8.299052666184995
9,9,9.422733049396177,8.191237501594088
10,10,10.481684554162475,8.315060955441208
