,dataset,Average Mean Error,Average stdDev
1,1,9.598848355,7.594930051
2,2,9.626031548,7.633113769
3,3,9.609315926,7.621318362
4,4,9.605118586,7.635851148
5,5,9.606997134,7.65353075
6,6,9.6332431,7.622023874
7,7,9.590347552,7.621950019
8,8,9.607112393,7.611794799
9,9,9.598032704,7.608716795
10,10,9.619144548,7.590407725
,,9.609419185,7.619363729
