,Series,Mean,stdDev
1,1,8.522535727372706,6.947521748141476
2,2,10.5040567526366,9.475844518646792
3,3,9.932765570124516,7.389186453251689
4,4,10.05228282944617,7.611517675554975
5,5,9.074427145130644,7.362124743837631
6,6,9.511888504753422,8.067939264959142
7,7,8.584646638530886,6.235385441120925
8,8,9.797770163840067,8.01373661585772
9,9,10.390326467163963,7.152780366958835
10,10,9.700424133826793,7.861911157369004
