,Series,Mean,stdDev
1,1,9.419550872391639,6.922037579230532
2,2,10.192431595261436,7.534056198786647
3,3,10.030235135896204,7.749662409104157
4,4,9.909423108714082,8.427664131949289
5,5,9.1307830059276,7.427703577075376
6,6,9.522939817944547,7.397332641721566
7,7,9.059606322367204,6.108811072220575
8,8,10.622769186688142,9.2051025606835
9,9,10.243497337309767,7.863895174577585
10,10,7.849090661196101,7.450902609572842
