,dataset,Average Mean Error,Average stdDev
1,1,9.598848355354278,7.594930051122525
2,2,9.626031548084317,7.63311376906307
3,3,9.60931592602262,7.6213183615382505
4,4,9.605118586314086,7.635851147982713
5,5,9.606997134064288,7.6535307495679445
6,6,9.633243100138515,7.622023874089058
7,7,9.590347551857473,7.621950019341395
8,8,9.607112393282577,7.61179479856982
9,9,9.598032704369672,7.608716795492208
10,10,9.619144547529496,7.590407725076896
