,Series,Mean,stdDev
1,1,10.537125895356397,8.1662926132119
2,2,8.823414490580063,6.621421925477112
3,3,9.441123853099958,7.211496720121251
4,4,10.137702867621144,8.516090077909862
5,5,8.733014751327968,7.022542816343989
6,6,10.128506862237703,8.05049687577309
7,7,10.627362802391243,9.113704749005494
8,8,9.137855712419592,6.407596933565299
9,9,9.036632632312793,7.580678657433058
10,10,9.49041939287936,7.522862246541449
