,Series,Mean,stdDev
1,1,9.214917329831861,7.666271883250252
2,2,9.48392411262759,7.8611909282605055
3,3,8.781217899251121,8.553483171298277
4,4,9.513471693132798,7.050031526145066
5,5,8.952060541205784,8.082397692103315
6,6,9.809594932912436,7.513505154440865
7,7,10.462475338666072,8.21106519369512
8,8,10.230950612830652,7.286032486799796
9,9,10.899119707029726,7.437681933203761
10,10,8.722239173154838,6.8736475264824906
