,Series,Mean,stdDev
1,1,10.239227945671553,9.053940315842487
2,2,10.250980984970456,8.98165971291001
3,3,8.561775102247562,6.63034140487287
4,4,9.140481092777238,6.291662679027969
5,5,8.193409370068892,7.296424355319372
6,6,8.696970112805605,7.087826945108158
7,7,10.98904497322061,8.061330044915087
8,8,9.960812936706786,7.771296473381999
9,9,9.792983309321922,8.03467357688822
10,10,10.077789690784098,7.010344685147771
