LE,Predicted LE,Error,Health_Expenditure,GDP_Per_Capita,Education,Unemployment
72.445,94.94675833038086,22.501758330380866,0.0646969532367416,0.09834387270738937,0.7001911017453534,0.612687189882687
72.117,73.60977186652266,1.4927718665226593,0.032069690477703465,0.0444451760116316,0.4346457227800711,0.8397512430782063
75.406,69.20316524271254,6.202834757287462,0.08653639578801414,0.10107551348901736,0.413642065331364,0.6982042827799022
