LE,Predicted LE,Error,Health_Expenditure,GDP_Per_Capita,Education,Unemployment
71.605,72.85781252951922,1.2528125295192183,0.03134441243140285,0.08525128053282206,0.3697745860204506,0.6936590665637571
73.986,81.65026702481526,7.66426702481526,0.05837133214363977,0.07277455239664034,0.3813697119159451,1.0
60.06,66.43082104759782,6.370821047597815,0.09553587980054158,0.0968149791729573,0.4258696484641413,0.6621232247872552
74.324,79.07054550123662,4.746545501236625,0.06720832664748487,0.08667758826490704,0.3862249764869271,0.9058404580559823
63.153,68.30728345902205,5.1542834590220465,0.10639415630258336,0.09649416511514436,0.4482725928445521,0.7112218560895371
