LE,Predicted LE,Error,Health_Expenditure,GDP_Per_Capita,Education,Unemployment
81.45121951,84.39065611769769,2.9394366076976866,0.5840572121938459,0.5223317966272679,0.5783566011847096,0.07888820332978867
80.04146341,85.93024374645782,5.888780336457813,0.4033741905728485,0.5211695789687213,0.5931977247098795,0.11283971119517072
78.3902439,84.43166166032809,6.041417760328088,0.7795188462972117,0.40193606804694976,0.5888245728920048,0.24437852138177835
78.54146341,85.85917087299568,7.317707462995671,0.805807080394788,0.4089379735661899,0.5943689219553431,0.25461336608144364
80.33170732,71.54506652240599,8.786640797594018,0.4229864081612959,0.3517353620868854,0.5419605764388985,0.1376899821458974
79.84146341,85.5889190875817,5.747455677581698,0.3797877417383341,0.5111987250656648,0.6013360309751361,0.10948207365075603
82.69756098,77.43563978302109,5.261921196978918,0.6507313083627709,0.4648663675115866,0.5130743674095103,0.11564403600330425
85.41707317,79.27832561199222,6.138747558007779,0.39879283861626985,0.4965116037846106,0.5137821900365492,0.13468322300367358
