LE,Predicted LE,Error,Health_Expenditure,GDP_Per_Capita,Education,Unemployment
77.87317073,68.9987348304652,8.874435899534802,0.3313423201862216,0.6790086335688579,0.3878818734615429,0.057902987827045664
81.75121951,83.43328096526417,1.6820614552641757,0.6082796028381587,0.5214336381033224,0.5926054968596434,0.0869934850276606
80.99756098,80.14954016546136,0.8480208145386428,0.5252792978142307,0.5168566931199905,0.5798388826561833,0.08964666298043115
78.425,81.61404563713066,3.1890456371306612,0.24113184522966524,0.9763726680616642,0.38973912030291774,0.018083719179420223
