LE,Predicted LE,Error,Health_Expenditure,GDP_Per_Capita,Education,Unemployment
74.66199999999998,71.5021280664582,3.1598719335417798,0.07456038176180878,0.08928668989344764,0.3829524806750688,0.8588335837703466
73.892,73.98225779306283,0.09025779306283255,0.058004884832457665,0.06934260658063575,0.3752039080207557,0.9976086262568524
