LE,Predicted LE,Error,Health_Expenditure,GDP_Per_Capita,Education,Unemployment
83.07804878,87.30013598689462,4.222087206894614,0.2957601874744493,0.2513059209987701,0.6595721869048282,0.6988844435750544
73.96600000000002,59.762831433562084,14.203168566437938,0.05266140661979889,0.0880342020580466,0.35438531041679305,0.5605952741841047
74.484,73.55834148918309,0.925658510816902,0.07001489063405454,0.08626854004708166,0.3853087281179847,0.8631440487507742
82.83170732,82.07893245674508,0.7527748632549276,0.32006450188350005,0.26537984017226696,0.6620067841420681,0.5899422153640687
74.59756098,74.52672273871974,0.0708382412802564,0.07177536313923565,0.12643096140290785,0.518866759446961,0.5173995037580291
82.47560976,81.16191024701207,1.3136995129879239,0.294163202248968,0.2629550063266957,0.6330073336687346,0.5719448268341096
71.116,68.65806819267604,2.457931807323959,0.03039095039963605,0.08151650977291433,0.35485312650050543,0.7314459320918186
