LE,Predicted LE,Error,Health_Expenditure,GDP_Per_Capita,Education,Unemployment
77.48780488,72.79038656828422,4.697418311715779,0.6528245252129513,0.40922034888706,0.5695391442471736,0.1318087173598924
82.69512195,77.83685970507284,4.858262244927161,0.615365282757854,0.4651527977616874,0.5101715661273716,0.1135657540294786
