LE,Predicted LE,Error,Health_Expenditure,GDP_Per_Capita,Education,Unemployment
81.75121951,85.49357827455977,3.742358764559768,0.6082796028381587,0.5214336381033224,0.5926054968596434,0.0869934850276606
80.99756098,83.9672280517964,2.969667071796394,0.5252792978142307,0.5168566931199905,0.5798388826561833,0.08964666298043115
