LE,Predicted LE,Error,Health_Expenditure,GDP_Per_Capita,Education,Unemployment
81.0902439,71.4758084252748,9.614435474725198,0.5230626909977266,0.3602029969942917,0.536594207412348,0.1290313812339942
82.1422439,74.47915931682194,7.663084583178062,0.4767952889102359,0.35554065895092224,0.5682748826873539,0.18350656234092771
81.13658537,75.04787653616549,6.0887088338345166,0.4998659937246594,0.3655216340787471,0.5737544338834936,0.13859145775753182
82.20487805,86.7499996499863,4.545121599986288,0.535872388138877,0.3772381092751647,0.6922003185274906,0.19518541025842226
82.25365854,84.12333912446424,1.8696805844642341,0.526828970574353,0.3647902840510665,0.6687121323681385,0.20927180964118475
