LE,Predicted LE,Error,Health_Expenditure,GDP_Per_Capita,Education,Unemployment
72.117,70.978298249277,1.1387017507230013,0.032069690477703465,0.0444451760116316,0.4346457227800711,0.8397512430782063
75.406,72.16461696363072,3.2413830363692853,0.08653639578801414,0.10107551348901736,0.413642065331364,0.6982042827799022
71.18,61.07428550003365,10.105714499966354,0.053694225522389706,0.048770389458972274,0.4442423395231214,0.5535831110130554
