LE,Predicted LE,Error,Health_Expenditure,GDP_Per_Capita,Education,Unemployment
78.53902439,88.33512364340292,9.796099253402929,1.0,0.4437548336675548,0.5966978650291784,0.1260246349932894
83.60243902,81.34468396072768,2.257755059272327,0.7966322599217147,0.4771106204812052,0.5376399893069529,0.12733907454443807
81.56097561,84.83025914873686,3.2692835387368575,0.53092363127907,0.394101307045127,0.6549448477645889,0.1567156683813802
82.40731707,88.47737762446091,6.070060554460909,0.6276348139504175,0.5325354686327886,0.6094799406859421,0.12088830639851265
78.64146341,82.7949787635518,4.153515353551796,0.8269053092148655,0.4123241966551872,0.5969220154684517,0.2361463723537288
82.30487805,87.60331594164926,5.298437891649257,0.6342017494274445,0.5309257834715969,0.5983940329346661,0.11055089958893048
77.98780488,82.24946369002852,4.261658810028521,0.7263574101628697,0.4208312914521583,0.5815415802707827,0.1193552418626438
77.68780488,81.07037271233438,3.3825678323343737,0.690192051345474,0.4169750337145678,0.5761660504393119,0.1193795406861264
81.1902439,76.56214534642291,4.6280985535770895,0.5251165789725926,0.3651246281505454,0.5815536136319842,0.14906113091309434
