LE,Predicted LE,Error,Health_Expenditure,GDP_Per_Capita,Education,Unemployment
72.945,64.28465017846268,8.66034982153731,0.034214924490781874,0.06461839908072023,0.4385535581372349,0.5484495237211635
