LE,Predicted LE,Error,Health_Expenditure,GDP_Per_Capita,Education,Unemployment
80.53902439,83.36658627533457,2.8275618853345748,0.5790169467111517,0.7897727987186818,0.3922618944153573,0.13117714133717698
82.68536585,82.34142552628595,0.34394032371405103,0.6449768579065076,0.7817274090370027,0.4291331095378008,0.16439180191287686
