LE,Predicted LE,Error,Health_Expenditure,GDP_Per_Capita,Education,Unemployment
78.78536585,74.89310345082183,3.892262399178179,0.30635997842461543,0.4883994395755259,0.5801403364623641,0.09550093263344134
