LE,Predicted LE,Error,Health_Expenditure,GDP_Per_Capita,Education,Unemployment
79.28780488,81.76649809888104,2.478693218881048,0.5328770378014165,0.7631421358464978,0.3911756110133831,0.12228642757718612
80.04146341,80.71900943836596,0.6775460283659527,0.4033741905728485,0.5211695789687213,0.5931977247098795,0.11283971119517072
75.193,76.13285561970059,0.9398556197005945,0.15343416029728607,0.6350634108071614,0.4679390440242748,0.18259427582315946
77.82439024,73.765217001997,4.059173238002998,0.3638848403859894,0.6880402261924486,0.3892324795639292,0.04331995253988807
79.84146341,80.37801278046193,0.5365493704619269,0.3797877417383341,0.5111987250656648,0.6013360309751361,0.10948207365075603
85.41707317,73.78813478614445,11.628938383855541,0.39879283861626985,0.4965116037846106,0.5137821900365492,0.13468322300367358
