LE,Predicted LE,Error,Health_Expenditure,GDP_Per_Capita,Education,Unemployment
75.13,74.16841079277305,0.9615892072269503,0.2949075667488759,0.5832188348432295,0.5131288842655317,0.05398125233529151
79.3902439,79.54277712023823,0.1525332202382259,0.3593517005543453,0.4944535220303557,0.5989295264055289,0.10851851250179824
