LE,Predicted LE,Error,Health_Expenditure,GDP_Per_Capita,Education,Unemployment
78.74146341,81.00803458559986,2.2665711755998643,0.8749818194570184,0.4234402336068269,0.584383770977548,0.19365503558130612
77.48780488,70.35922158318803,7.128583296811968,0.6170782016832221,0.3988441445980268,0.5688817831801953,0.14382225310991986
77.03658537,68.70888683363857,8.327698536361424,0.580245209943161,0.3876559640814458,0.5657544554470592,0.1562406317520804
82.1,85.47268873781988,3.3726887378198853,0.6265631943695761,0.525818957621935,0.5930154129201028,0.0886318143527461
78.03902439,75.5695333314404,2.4694910585595977,0.7512191775330855,0.4162364323210517,0.5851288565016078,0.15072105632838134
