LE,Predicted LE,Error,Health_Expenditure,GDP_Per_Capita,Education,Unemployment
79.108,78.38217331620052,0.7258266837994825,0.2203930973412148,1.0,0.4130961301975773,0.006747655985229785
75.193,67.45068190997128,7.742318090028718,0.15343416029728607,0.6350634108071614,0.4679390440242748,0.18259427582315946
77.82439024,71.96511577756428,5.859274462435721,0.3638848403859894,0.6880402261924486,0.3892324795639292,0.04331995253988807
