LE,Predicted LE,Error,Health_Expenditure,GDP_Per_Capita,Education,Unemployment
74.66199999999998,73.9326359516795,0.7293640483204769,0.07456038176180878,0.08928668989344764,0.3829524806750688,0.8588335837703466
81.62682927,80.98073234700982,0.6460969229901821,0.2909537460343069,0.2666343338401809,0.6166205742955324,0.5306275810050031
73.892,78.00382092067355,4.111820920673551,0.058004884832457665,0.06934260658063575,0.3752039080207557,0.9976086262568524
81.38536585,88.30001265494627,6.914646804946273,0.21360466492504904,0.19599073360473485,0.6778754540875056,0.7096213265687459
