LE,Predicted LE,Error,Health_Expenditure,GDP_Per_Capita,Education,Unemployment
78.74146341,78.82145854239623,0.07999513239623468,0.8546198708962466,0.4186069764646437,0.5948593492894059,0.21240002422325516
