LE,Predicted LE,Error,Health_Expenditure,GDP_Per_Capita,Education,Unemployment
72.83414634,61.492221362327676,11.341924977672328,0.07467459838958912,0.08493254575605615,0.4658716796551384,0.5573564279968313
83.22926829,84.33084765022687,1.1015793602268786,0.3063356135754469,0.2556364326510875,0.6608275099747961,0.6542878362005522
73.781,78.2679141392534,4.4869141392534,0.05707502545802305,0.06610832144341347,0.3749197831110669,0.9848878896392862
73.38536585,62.39010426426544,10.99526158573456,0.08541096174625926,0.09414067318904096,0.470240477195663,0.5573564279968313
75.171,70.70663355601016,4.464366443989846,0.08394213594225493,0.09365090897296947,0.39309157696736813,0.7772247383125835
74.19,79.79910505056912,5.609105050569127,0.059428126151251925,0.08195360401164321,0.3905983113418665,0.9375059279797694
