LE,Predicted LE,Error,Health_Expenditure,GDP_Per_Capita,Education,Unemployment
82.04390244,74.6352492169719,7.408653223028097,0.5689133215717982,0.4535967835486646,0.4964290128379178,0.10569798419549707
81.29512195,83.40366075761042,2.1085388076104294,0.5553840056473061,0.5151346389123238,0.5804674595651346,0.0813740373797881
82.79756098,78.65304952345154,4.144511456548457,0.6925991491433072,0.4681033784781848,0.521705126016012,0.12271827202608294
