LE,Predicted LE,Error,Health_Expenditure,GDP_Per_Capita,Education,Unemployment
77.48780488,73.73965496104111,3.7481499189588874,0.6528245252129513,0.40922034888706,0.5695391442471736,0.1318087173598924
82.69512195,77.40696318644481,5.288158763555188,0.615365282757854,0.4651527977616874,0.5101715661273716,0.1135657540294786
