LE,Predicted LE,Error,Health_Expenditure,GDP_Per_Capita,Education,Unemployment
73.47,69.1441218413114,4.325878158688596,0.048947198939254734,0.06386485952981727,0.3761534676559733,0.8183557793247304
81.38780488,84.80636723140705,3.418562351407047,0.2272367216074641,0.19689093426623344,0.707311753234514,0.6299369264786553
