LE,Predicted LE,Error,Health_Expenditure,GDP_Per_Capita,Education,Unemployment
82.84634146,118.31486339452759,35.46852193452759,0.4123479408886235,0.7042835195084259,0.6018876560021161,0.10472362504192448
