LE,Predicted LE,Error,Health_Expenditure,GDP_Per_Capita,Education,Unemployment
81.45121951,84.30018682845238,2.848967318452381,0.5840572121938459,0.5223317966272679,0.5783566011847096,0.07888820332978867
80.04146341,86.0147529019261,5.973289491926096,0.4033741905728485,0.5211695789687213,0.5931977247098795,0.11283971119517072
78.3902439,85.29240115318353,6.902157253183532,0.7795188462972117,0.40193606804694976,0.5888245728920048,0.24437852138177835
78.54146341,86.77312715506731,8.231663745067308,0.805807080394788,0.4089379735661899,0.5943689219553431,0.25461336608144364
80.33170732,71.83648896198457,8.495218358015435,0.4229864081612959,0.3517353620868854,0.5419605764388985,0.1376899821458974
79.84146341,85.64819015973552,5.8067267497355175,0.3797877417383341,0.5111987250656648,0.6013360309751361,0.10948207365075603
82.69756098,77.6179440977875,5.079616882212505,0.6507313083627709,0.4648663675115866,0.5130743674095103,0.11564403600330425
81.4804878,86.35316281442726,4.872675014427259,0.4137068035513197,0.3217780912656328,0.701757035751215,0.2476632882587833
85.41707317,79.55651257110861,5.860560598891382,0.39879283861626985,0.4965116037846106,0.5137821900365492,0.13468322300367358
