LE,Predicted LE,Error,Health_Expenditure,GDP_Per_Capita,Education,Unemployment
82.40731707,84.76064643119483,2.353329361194824,0.6276348139504175,0.5325354686327886,0.6094799406859421,0.12088830639851265
82.30487805,83.74338396140121,1.438505911401208,0.6342017494274445,0.5309257834715969,0.5983940329346661,0.11055089958893048
