LE,Predicted LE,Error,Health_Expenditure,GDP_Per_Capita,Education,Unemployment
82.29268293,80.22527624810705,2.0674066818929475,0.6496603970937246,0.7799375191550725,0.42061350765050304,0.1745915626319826
80.63170732,84.65206248004591,4.020355160045909,0.6154721414540814,0.7633023760650636,0.4097856586576503,0.11230258905553818
