LE,Predicted LE,Error,Health_Expenditure,GDP_Per_Capita,Education,Unemployment
77.96585366,77.2678993201352,0.6979543398647934,0.40168108792427343,0.7070372605850457,0.3919115973629201,0.06534160307088306
