LE,Predicted LE,Error,Health_Expenditure,GDP_Per_Capita,Education,Unemployment
81.10487805,81.89841360413982,0.7935355541398224,0.5155937186213913,0.37933458884982746,0.6460035559199027,0.1517116061325838
80.39512195,84.92025925537436,4.525137305374358,0.4571305844427462,0.5397703550821791,0.5870078948228256,0.0619003031972408
80.70243902,82.02315221948186,1.3207131994818582,0.5076173006653919,0.3779884320821173,0.6479668284342778,0.16108815455347994
81.70487805,72.60752009981512,9.097357950184886,0.4963619823834949,0.3575957636080307,0.5463241872816507,0.20987100444361226
78.74146341,82.76941695512102,4.027953545121022,0.8546198708962466,0.4186069764646437,0.5948593492894059,0.21240002422325516
76.83658537,72.00105563117302,4.835529738826978,0.4963216305491325,0.3769399533355139,0.5360067979506481,0.12230261820082534
81.4902439,74.96948013457923,6.520763765420767,0.5137892173372077,0.3650671020177255,0.5749123455310534,0.14628109205391504
