LE,Predicted LE,Error,Health_Expenditure,GDP_Per_Capita,Education,Unemployment
61.968,65.26558822767028,3.297588227670275,0.10249337487713048,0.09794722102582763,0.4451812475003424,0.6666036783468996
73.642,70.39392992416879,3.248070075831208,0.055081565427129546,0.0646968619613374,0.3784206827751735,0.8566824695097807
75.596,63.54187586454925,12.054124135450756,0.06615140292151528,0.09107197087986292,0.3893711530665698,0.6447952377793811
82.42682927,85.97603010543605,3.5492008354360536,0.2921551208405526,0.2549135365832201,0.6451165932123707,0.6636239337979116
80.63414634,82.3188367546062,1.6846904146061945,0.2248427074680428,0.19836052641006874,0.6651183779665488,0.6542338846391196
