LE,Predicted LE,Error,Health_Expenditure,GDP_Per_Capita,Education,Unemployment
74.83658537,66.40380395576025,8.432781414239741,0.12927321493946908,0.10911038409970177,0.4942013728587361,0.6423742113252741
72.101,74.16858167290883,2.0675816729088297,0.032771316912515704,0.09057834642348314,0.3801542871425337,0.6348194944750856
