LE,Predicted LE,Error,Health_Expenditure,GDP_Per_Capita,Education,Unemployment
77.47804878,73.03396624931437,4.44408253068562,0.15536399133084133,0.16482433867754073,0.5410676042839677,0.4612616814120742
74.82439024,76.8269580035512,2.0025677635511983,0.13367704318005388,0.1801129033415312,0.5545414033021833,0.36027625857706225
73.57560976,77.4402587069599,3.864648946959889,0.10868174400488254,0.15986791656051386,0.5613874749971387,0.4320227467290712
73.57600000000002,70.17174830037699,3.404251699623032,0.1078221378665406,0.11963840650872352,0.5503927426355436,0.39946125821230705
