LE,Predicted LE,Error,Health_Expenditure,GDP_Per_Capita,Education,Unemployment
74.83658537,66.27647768946672,8.560107680533278,0.12927321493946908,0.10911038409970177,0.4942013728587361,0.6423742113252741
72.101,69.31975825306486,2.7812417469351374,0.032771316912515704,0.09057834642348314,0.3801542871425337,0.6348194944750856
81.28536585,87.39008319651697,6.1047173465169635,0.21984003359750603,0.1931773363878063,0.6736147404213954,0.735931791064044
