LE,Predicted LE,Error,Health_Expenditure,GDP_Per_Capita,Education,Unemployment
83.07804878,84.75689952153185,1.6788507415318463,0.2957601874744493,0.2513059209987701,0.6595721869048282,0.6988844435750544
73.96600000000002,63.18003980999232,10.7859601900077,0.05266140661979889,0.0880342020580466,0.35438531041679305,0.5605952741841047
74.484,71.55762446073183,2.9263755392681645,0.07001489063405454,0.08626854004708166,0.3853087281179847,0.8631440487507742
71.116,71.45160115845702,0.335601158457024,0.03039095039963605,0.08151650977291433,0.35485312650050543,0.7314459320918186
