LE,Predicted LE,Error,Health_Expenditure,GDP_Per_Capita,Education,Unemployment
82.44878049,97.76252205767256,15.313741567672551,0.4576595220141891,0.3680751080010764,0.7935114857753924,0.14871564504895607
80.25121951,81.61292825964058,1.3617087496405844,0.4414898414329235,0.3941044692728253,0.5944081824691151,0.09323102080789034
81.45121951,77.70688242515969,3.7443370848403106,0.3578208319793844,0.3545186175681731,0.5569810969470742,0.22698306917305666
80.03414634,85.2046080210581,5.1704616810581,0.3849608958171226,0.3324401181774534,0.6643500016337539,0.20803294349072696
82.35853659,77.65051326307149,4.708023326928512,0.3398325006361974,0.33589179430716,0.5863527780820071,0.18429469068556828
79.56829268,80.90285474293123,1.3345620629312265,0.32535356325536924,0.3510460440728342,0.6247707845699115,0.16649436983565674
79.3902439,86.39106143618686,7.000817536186858,0.3593517005543453,0.4944535220303557,0.5989295264055289,0.10851851250179824
81.45365854,94.06941811591545,12.615759575915447,0.518895434529448,0.4997025879254706,0.6059405455605864,0.261976420772128
81.9,79.53369633254896,2.3663036674510494,0.4665816963841724,0.355653933108043,0.5643571497156838,0.18101262654184447
