LE,Predicted LE,Error,Health_Expenditure,GDP_Per_Capita,Education,Unemployment
81.70487805,82.33642484308838,0.6315467930883756,0.5358406181102854,0.5124142376010112,0.607382135191911,0.22061868536094656
78.6902439,86.96855505518332,8.278311155183317,0.9649204071942444,0.4400305548965909,0.5908239764505656,0.1371123834336714
80.59268293,81.3717492093251,0.7790662793251073,0.4998507865527669,0.5356023063888828,0.5781050894854216,0.06342527240779469
78.84146341,85.04523512975761,6.203771719757611,0.9170917016719508,0.4307507115938389,0.5864626693263878,0.16106655846327847
77.96585366,72.33749730908438,5.62835635091561,0.40168108792427343,0.7070372605850457,0.3919115973629201,0.06534160307088306
