LE,Predicted LE,Error,Health_Expenditure,GDP_Per_Capita,Education,Unemployment
73.47,69.68679306294821,3.783206937051787,0.048947198939254734,0.06386485952981727,0.3761534676559733,0.8183557793247304
81.38780488,86.13748612326867,4.749681243268668,0.2272367216074641,0.19689093426623344,0.707311753234514,0.6299369264786553
