LE,Predicted LE,Error,Health_Expenditure,GDP_Per_Capita,Education,Unemployment
77.72682927,72.75068110580033,4.976148164199671,0.42580477581759657,0.709901652381362,0.3893794731129861,0.09379242244571756
