LE,Predicted LE,Error,Health_Expenditure,GDP_Per_Capita,Education,Unemployment
80.38536585,82.62401780089573,2.238651950895729,0.4343929686837081,0.338893497970289,0.6823525716659226,0.19815707251856746
81.75121951,85.86075066819836,4.109531158198365,0.6082796028381587,0.5214336381033224,0.5926054968596434,0.0869934850276606
80.70243902,77.76613526151783,2.9363037584821683,0.469354348069681,0.380619252509268,0.6065598174726476,0.12925810151703865
82.67073171,72.85065690417474,9.820074805825257,0.4725107526043398,0.3091331803993748,0.5369726301598658,0.2723947936284161
81.20487805,81.15261614617549,0.05226190382451534,0.4909119644180458,0.3847886015602303,0.6480355827113501,0.12894231991595453
80.99756098,84.32455095001946,3.3269899700194543,0.5252792978142307,0.5168566931199905,0.5798388826561833,0.08964666298043115
80.5804878,72.26915149576064,8.311336304239362,0.4346856051526088,0.35743134361449524,0.5578487409863808,0.12469669465026358
