LE,Predicted LE,Error,Health_Expenditure,GDP_Per_Capita,Education,Unemployment
81.70487805,90.10282319084557,8.397945140845565,0.5358406181102854,0.5124142376010112,0.607382135191911,0.22061868536094656
78.6902439,81.18125009552475,2.491006195524747,0.9649204071942444,0.4400305548965909,0.5908239764505656,0.1371123834336714
78.84146341,80.64463851428286,1.8031751042828574,0.9170917016719508,0.4307507115938389,0.5864626693263878,0.16106655846327847
