LE,Predicted LE,Error,Health_Expenditure,GDP_Per_Capita,Education,Unemployment
74.86097561,67.51366954746834,7.347306062531658,0.12981636678688965,0.12771799931136688,0.5286139491815975,0.3438821542311391
76.22926829,79.98995996191792,3.7606916719179253,0.14248134487961953,0.1998596680897773,0.5694912462583718,0.3273342003505532
82.42682927,89.63325714193759,7.206427871937592,0.2921551208405526,0.2549135365832201,0.6451165932123707,0.6636239337979116
80.63414634,88.5290862296011,7.894939889601105,0.2248427074680428,0.19836052641006874,0.6651183779665488,0.6542338846391196
