LE,Predicted LE,Error,Health_Expenditure,GDP_Per_Capita,Education,Unemployment
75.11219512,71.38027699558357,3.731918124416424,0.19559407812868912,0.20502462669342836,0.5021185865099591,0.382710882737206
75.95853659,72.00097876060525,3.9575578293947444,0.1924487386552341,0.2106919626219756,0.49689187767718,0.3621440239009642
81.62682927,85.92066618233052,4.293836912330519,0.2909537460343069,0.2666343338401809,0.6166205742955324,0.5306275810050031
74.31463415,67.30095912572607,7.013675024273937,0.12223663288992888,0.12631900311484442,0.5145111402068047,0.3257741600069774
80.47073171,81.74523767467954,1.2745059646795482,0.2564516092438813,0.21861711101646408,0.5935196699271096,0.3367674417977107
76.81219512,71.54181685678245,5.270378263217552,0.2006506682990032,0.22285188652915688,0.4818647123424204,0.3504489853058491
81.38536585,85.22262981631704,3.837263966317039,0.21360466492504904,0.19599073360473485,0.6778754540875056,0.7096213265687459
