LE,Predicted LE,Error,Health_Expenditure,GDP_Per_Capita,Education,Unemployment
77.87317073,74.96431292454709,2.908857805452911,0.3313423201862216,0.6790086335688579,0.3878818734615429,0.057902987827045664
