LE,Predicted LE,Error,Health_Expenditure,GDP_Per_Capita,Education,Unemployment
82.84634146,96.13575237619418,13.289410916194171,0.4123479408886235,0.7042835195084259,0.6018876560021161,0.10472362504192448
75.01899999999998,77.83867225713362,2.8196722571336466,0.2399105515663407,0.6026982025731501,0.4981808991636693,0.07287469149610057
