LE,Predicted LE,Error,Health_Expenditure,GDP_Per_Capita,Education,Unemployment
80.38536585,82.81851567429675,2.4331498242967484,0.4343929686837081,0.338893497970289,0.6823525716659226,0.19815707251856746
81.75121951,85.87980327155415,4.128583761554154,0.6082796028381587,0.5214336381033224,0.5926054968596434,0.0869934850276606
80.70243902,77.87020323503899,2.8322357849610142,0.469354348069681,0.380619252509268,0.6065598174726476,0.12925810151703865
82.67073171,73.0577677036304,9.612964006369594,0.4725107526043398,0.3091331803993748,0.5369726301598658,0.2723947936284161
81.20487805,81.25770808759854,0.05283003759853955,0.4909119644180458,0.3847886015602303,0.6480355827113501,0.12894231991595453
80.99756098,84.37742223084061,3.379861250840605,0.5252792978142307,0.5168566931199905,0.5798388826561833,0.08964666298043115
80.5804878,72.36959516374719,8.210892636252808,0.4346856051526088,0.35743134361449524,0.5578487409863808,0.12469669465026358
