LE,Predicted LE,Error,Health_Expenditure,GDP_Per_Capita,Education,Unemployment
80.79512195,80.31298483094346,0.48213711905653156,0.5109828996144192,0.5197734605964408,0.5765020624119764,0.07835108761392505
78.63414634,78.0905386839809,0.5436076560191054,0.2876996546997461,0.4807583866732839,0.5825784055227864,0.08793276020067355
