LE,Predicted LE,Error,Health_Expenditure,GDP_Per_Capita,Education,Unemployment
77.72682927,80.46482077751014,2.737991507510145,0.42580477581759657,0.709901652381362,0.3893794731129861,0.09379242244571756
