LE,Predicted LE,Error,Health_Expenditure,GDP_Per_Capita,Education,Unemployment
79.28780488,78.89482144157905,0.3929834384209414,0.5328770378014165,0.7631421358464978,0.3911756110133831,0.12228642757718612
