LE,Predicted LE,Error,Health_Expenditure,GDP_Per_Capita,Education,Unemployment
78.083,86.68503818812155,8.602038188121554,0.3111716923898829,0.9773439243107314,0.43800240983859656,0.034548001149106555
