LE,Predicted LE,Error,Health_Expenditure,GDP_Per_Capita,Education,Unemployment
75.11219512,71.29145569045407,3.820739429545924,0.19559407812868912,0.20502462669342836,0.5021185865099591,0.382710882737206
75.95853659,72.18374477615401,3.7747918138459795,0.1924487386552341,0.2106919626219756,0.49689187767718,0.3621440239009642
81.62682927,85.49974531869182,3.8729160486918204,0.2909537460343069,0.2666343338401809,0.6166205742955324,0.5306275810050031
80.47073171,79.640822109951,0.8299096000489925,0.2564516092438813,0.21861711101646408,0.5935196699271096,0.3367674417977107
76.81219512,72.14051770503659,4.671677414963412,0.2006506682990032,0.22285188652915688,0.4818647123424204,0.3504489853058491
81.38536585,83.79651907932981,2.4111532293298126,0.21360466492504904,0.19599073360473485,0.6778754540875056,0.7096213265687459
