LE,Predicted LE,Error,Health_Expenditure,GDP_Per_Capita,Education,Unemployment
75.13,71.89629687195149,3.2337031280485036,0.2949075667488759,0.5832188348432295,0.5131288842655317,0.05398125233529151
