LE,Predicted LE,Error,Health_Expenditure,GDP_Per_Capita,Education,Unemployment
77.72682927,68.41322470838378,9.313604561616216,0.42580477581759657,0.709901652381362,0.3893794731129861,0.09379242244571756
81.10487805,81.16817100543754,0.06329295543754654,0.5155937186213913,0.37933458884982746,0.6460035559199027,0.1517116061325838
80.39512195,77.79178680798661,2.6033351420133926,0.4571305844427462,0.5397703550821791,0.5870078948228256,0.0619003031972408
80.70243902,80.99119295777011,0.28875393777011027,0.5076173006653919,0.3779884320821173,0.6479668284342778,0.16108815455347994
76.83658537,72.45325519307713,4.383330176922868,0.4963216305491325,0.3769399533355139,0.5360067979506481,0.12230261820082534
81.4902439,75.8731924981232,5.617051401876793,0.5137892173372077,0.3650671020177255,0.5749123455310534,0.14628109205391504
