LE,Predicted LE,Error,Health_Expenditure,GDP_Per_Capita,Education,Unemployment
77.96585366,76.111054629912,1.8547990300879889,0.40168108792427343,0.7070372605850457,0.3919115973629201,0.06534160307088306
