LE,Predicted LE,Error,Health_Expenditure,GDP_Per_Capita,Education,Unemployment
78.425,46.28905897583536,32.13594102416464,0.24113184522966524,0.9763726680616642,0.38973912030291774,0.018083719179420223
