LE,Predicted LE,Error,Health_Expenditure,GDP_Per_Capita,Education,Unemployment
81.45121951,83.53175793396896,2.08053842396896,0.5840572121938459,0.5223317966272679,0.5783566011847096,0.07888820332978867
78.3902439,82.01063429154543,3.6203903915454276,0.7795188462972117,0.40193606804694976,0.5888245728920048,0.24437852138177835
78.54146341,83.77928903386113,5.237825623861127,0.805807080394788,0.4089379735661899,0.5943689219553431,0.25461336608144364
82.69756098,78.0779286674263,4.6196323125736996,0.6507313083627709,0.4648663675115866,0.5130743674095103,0.11564403600330425
