LE,Predicted LE,Error,Health_Expenditure,GDP_Per_Capita,Education,Unemployment
80.34390244,81.01538907150957,0.6714866315095804,0.4343674935299017,0.5294645434154642,0.5917119894556682,0.08633221756243817
80.53902439,82.44883651553353,1.9098121255335343,0.5790169467111517,0.7897727987186818,0.3922618944153573,0.13117714133717698
82.68536585,85.79873090512422,3.11336505512422,0.6449768579065076,0.7817274090370027,0.4291331095378008,0.16439180191287686
