LE,Predicted LE,Error,Health_Expenditure,GDP_Per_Capita,Education,Unemployment
73.47,70.32628413217432,3.1437158678256765,0.048947198939254734,0.06386485952981727,0.3761534676559733,0.8183557793247304
75.33658537,64.4053608404169,10.93122452958309,0.1349344911127591,0.1116754947516554,0.5080603298478478,0.5134534694427925
81.38780488,88.16560464298874,6.777799762988735,0.2272367216074641,0.19689093426623344,0.707311753234514,0.6299369264786553
