LE,Predicted LE,Error,Health_Expenditure,GDP_Per_Capita,Education,Unemployment
81.47560976,78.86926368335085,2.606346076649146,0.29403215522291537,0.2678535980360964,0.5988618863799374,0.4765654025421409
81.38780488,82.72537459145134,1.3375697114513372,0.2272367216074641,0.19689093426623344,0.707311753234514,0.6299369264786553
