LE,Predicted LE,Error,Health_Expenditure,GDP_Per_Capita,Education,Unemployment
81.50243902,74.99428953237552,6.508149487624479,0.3472088151857507,0.3353773056040644,0.5602066417069902,0.06334699624683207
78.49268293,77.10189336167775,1.3907895683222478,0.28764399575388605,0.3492244535185114,0.5810388461012009,0.09158998874952373
