LE,Predicted LE,Error,Health_Expenditure,GDP_Per_Capita,Education,Unemployment
81.45121951,84.06444026104799,2.61322075104799,0.5840572121938459,0.5223317966272679,0.5783566011847096,0.07888820332978867
78.3902439,78.51648890841608,0.12624500841607755,0.7795188462972117,0.40193606804694976,0.5888245728920048,0.24437852138177835
78.54146341,79.50746720244977,0.9660037924497686,0.805807080394788,0.4089379735661899,0.5943689219553431,0.25461336608144364
82.69756098,75.29871826501261,7.398842714987396,0.6507313083627709,0.4648663675115866,0.5130743674095103,0.11564403600330425
