LE,Predicted LE,Error,Health_Expenditure,GDP_Per_Capita,Education,Unemployment
82.44878049,92.21465356977811,9.765873079778103,0.4576595220141891,0.3680751080010764,0.7935114857753924,0.14871564504895607
82.24634146,77.05319022061678,5.193151239383212,0.5776739210226769,0.4624904768848603,0.5046751846311118,0.1243377208957671
82.89756098,79.54611580532031,3.3514451746796823,0.7706231141795311,0.4747182659798714,0.5329118079402999,0.1241757760087987
80.25121951,77.44240489085979,2.8088146191402075,0.4414898414329235,0.3941044692728253,0.5944081824691151,0.09323102080789034
81.45365854,93.0366666091276,11.583008069127587,0.518895434529448,0.4997025879254706,0.6059405455605864,0.261976420772128
81.9,75.55244328318952,6.347556716810487,0.4665816963841724,0.355653933108043,0.5643571497156838,0.18101262654184447
