LE,Predicted LE,Error,Health_Expenditure,GDP_Per_Capita,Education,Unemployment
77.87317073,76.22639000269469,1.6467807273053126,0.3313423201862216,0.6790086335688579,0.3878818734615429,0.057902987827045664
