LE,Predicted LE,Error,Health_Expenditure,GDP_Per_Capita,Education,Unemployment
77.87317073,68.25556804734084,9.617602682659154,0.3313423201862216,0.6790086335688579,0.3878818734615429,0.057902987827045664
78.425,77.64960013585369,0.7753998641463085,0.24113184522966524,0.9763726680616642,0.38973912030291774,0.018083719179420223
