LE,Predicted LE,Error,Health_Expenditure,GDP_Per_Capita,Education,Unemployment
77.27560976,73.53724473853761,3.7383650214623856,0.1621585607903428,0.17037013153586034,0.5369594205754048,0.4311806281454316
75.42926829,79.874007313453,4.44473902345301,0.13635934864997307,0.18474993400494394,0.5639044698643811,0.4455396298773849
80.35,75.92348806439043,4.426511935609568,0.21574228989816,0.25125884367453444,0.5188054703976499,0.3969889055749156
80.73170732,86.08351888639427,5.351811566394275,0.2387391577275638,0.2132602702974513,0.647528562034713,0.476781311892061
83.22926829,90.32732367179477,7.098055381794779,0.3063356135754469,0.2556364326510875,0.6608275099747961,0.6542878362005522
80.178,74.26793024769835,5.910069752301652,0.2056554916835682,0.24487726871139145,0.4997279663260885,0.42882704100816216
80.14634146,76.21504134566952,3.931300114330483,0.18712675601958564,0.21252329936077785,0.5478574936651431,0.3462627427902191
72.91463415,81.50492334551285,8.590289195512852,0.1322315141917831,0.16428756144662354,0.605906647128568,0.3666676441078798
