LE,Predicted LE,Error,Health_Expenditure,GDP_Per_Capita,Education,Unemployment
81.45682927,73.22376606683461,8.233063203165386,0.35403157543438685,0.2890271094468796,0.598592956263277,0.13941198022397933
80.04146341,87.17350156636552,7.13203815636551,0.4033741905728485,0.5211695789687213,0.5931977247098795,0.11283971119517072
80.99756098,70.44709161712677,10.55046936287323,0.3417604784197776,0.32018036798636607,0.5527843270716682,0.10339568469889868
81.61243902,74.0754093320952,7.537029687904791,0.3697892963301541,0.2934294829437334,0.6038027863472097,0.1322540626006664
81.41463415,72.47070959965825,8.943924550341748,0.3963271549827983,0.29835059358800115,0.5267863052412542,0.2304000895215136
80.33170732,74.75216023326652,5.579547086733484,0.4229864081612959,0.3517353620868854,0.5419605764388985,0.1376899821458974
79.84146341,86.42062456979406,6.5791611597940545,0.3797877417383341,0.5111987250656648,0.6013360309751361,0.10948207365075603
81.4804878,87.23355358494177,5.753065784941768,0.4137068035513197,0.3217780912656328,0.701757035751215,0.2476632882587833
85.41707317,80.59067470247638,4.826398467523617,0.39879283861626985,0.4965116037846106,0.5137821900365492,0.13468322300367358
