LE,Predicted LE,Error,Health_Expenditure,GDP_Per_Capita,Education,Unemployment
81.39268293,78.88851437940838,2.504168550591629,0.6162205472109908,0.7445366534930641,0.40942340904897256,0.13333638930372738
