LE,Predicted LE,Error,Health_Expenditure,GDP_Per_Capita,Education,Unemployment
80.38780488,89.32628648019326,8.938481600193256,0.2712104299265348,0.2349322805983797,0.6414156119823547,0.3377364082242963
75.33658537,60.03524048072244,15.301344889277551,0.1349344911127591,0.1116754947516554,0.5080603298478478,0.5134534694427925
75.59899999999998,66.87127037048285,8.727729629517128,0.09303399597015942,0.0954463548675849,0.5383016713841607,0.3449266944092937
73.0804878,75.29430487191786,2.213817071917859,0.10198215495233688,0.1501079000284111,0.5632287074310989,0.4673345826894984
76.1097561,72.41127906253186,3.6984770374681375,0.20431270924240486,0.21390715409168803,0.4973745698108975,0.3714800699462288
81.47560976,85.23826167419587,3.762651914195871,0.29403215522291537,0.2678535980360964,0.5988618863799374,0.4765654025421409
81.38780488,88.91477078190226,7.526965901902258,0.2272367216074641,0.19689093426623344,0.707311753234514,0.6299369264786553
73.86341463,84.31895675167382,10.45554212167383,0.15421905447123996,0.1957198975013371,0.5912503699388774,0.3553261994417933
