LE,Predicted LE,Error,Health_Expenditure,GDP_Per_Capita,Education,Unemployment
79.108,-115.82178154266563,194.92978154266564,0.2203930973412148,1.0,0.4130961301975773,0.006747655985229785
