LE,Predicted LE,Error,Health_Expenditure,GDP_Per_Capita,Education,Unemployment
83.07804878,86.96678601337982,3.888737233379814,0.2957601874744493,0.2513059209987701,0.6595721869048282,0.6988844435750544
74.484,74.32805297725729,0.15594702274270844,0.07001489063405454,0.08626854004708166,0.3853087281179847,0.8631440487507742
82.83170732,81.42513293148339,1.406574388516617,0.32006450188350005,0.26537984017226696,0.6620067841420681,0.5899422153640687
82.47560976,82.1195626885179,0.35604707148209513,0.294163202248968,0.2629550063266957,0.6330073336687346,0.5719448268341096
71.116,70.90009447226807,0.21590552773193394,0.03039095039963605,0.08151650977291433,0.35485312650050543,0.7314459320918186
