LE,Predicted LE,Error,Health_Expenditure,GDP_Per_Capita,Education,Unemployment
80.58780488,85.63432521416348,5.046520334163489,0.4533767361748531,0.3379607263215759,0.6967517132146689,0.2220059827319672
80.09512195,75.32380571597702,4.77131623402299,0.4098797994924431,0.3897387356107463,0.538956613710604,0.17742557882864196
80.3,82.14189546909239,1.8418954690923925,0.4812706609078474,0.3677296935473701,0.64324611860375,0.1834471795368855
79.8,80.57549766891262,0.775497668912621,0.456279354746474,0.3663792111976116,0.6157012184547803,0.1989937856356448
77.48780488,78.06240559887522,0.5746007188752174,0.6528245252129513,0.40922034888706,0.5695391442471736,0.1318087173598924
78.59756098,76.56076913668537,2.0367918433146315,0.4357644361275416,0.3578205356583509,0.5950891221240412,0.1567426570366249
82.46829268,74.71530637998305,7.752986300016957,0.4009038618805942,0.36486531634014624,0.5980611240310779,0.10200296895979677
82.69512195,76.44907685730598,6.246045092694018,0.615365282757854,0.4651527977616874,0.5101715661273716,0.1135657540294786
80.98292683,73.21069565283759,7.772231177162411,0.4511362571992461,0.36679297051844395,0.5633794737609802,0.11778168790664376
