LE,Predicted LE,Error,Health_Expenditure,GDP_Per_Capita,Education,Unemployment
73.47,67.94578413294097,5.524215867059027,0.048947198939254734,0.06386485952981727,0.3761534676559733,0.8183557793247304
