LE,Predicted LE,Error,Health_Expenditure,GDP_Per_Capita,Education,Unemployment
77.96585366,72.03507701035296,5.930776649647029,0.40168108792427343,0.7070372605850457,0.3919115973629201,0.06534160307088306
