LE,Predicted LE,Error,Health_Expenditure,GDP_Per_Capita,Education,Unemployment
74.83658537,65.62332661936699,9.213258750633003,0.12927321493946908,0.10911038409970177,0.4942013728587361,0.6423742113252741
72.101,65.73555076271701,6.365449237282988,0.032771316912515704,0.09057834642348314,0.3801542871425337,0.6348194944750856
81.28536585,86.10443275344142,4.81906690344141,0.21984003359750603,0.1931773363878063,0.6736147404213954,0.735931791064044
