LE,Predicted LE,Error,Health_Expenditure,GDP_Per_Capita,Education,Unemployment
80.59268293,81.31250280511837,0.7198198751183753,0.4998507865527669,0.5356023063888828,0.5781050894854216,0.06342527240779469
