LE,Predicted LE,Error,Health_Expenditure,GDP_Per_Capita,Education,Unemployment
82.24634146,76.41290465279226,5.8334368072077325,0.5776739210226769,0.4624904768848603,0.5046751846311118,0.1243377208957671
82.89756098,80.73068865952814,2.166872320471853,0.7706231141795311,0.4747182659798714,0.5329118079402999,0.1241757760087987
