LE,Predicted LE,Error,Health_Expenditure,GDP_Per_Capita,Education,Unemployment
61.968,68.54194024723895,6.573940247238951,0.10249337487713048,0.09794722102582763,0.4451812475003424,0.6666036783468996
73.642,68.75509805187528,4.8869019481247165,0.055081565427129546,0.0646968619613374,0.3784206827751735,0.8566824695097807
75.596,66.0308288581036,9.5651711418964,0.06615140292151528,0.09107197087986292,0.3893711530665698,0.6447952377793811
