LE,Predicted LE,Error,Health_Expenditure,GDP_Per_Capita,Education,Unemployment
76.93658537,72.35058829218413,4.585997077815875,0.5387262897077411,0.3800109083179405,0.5543985166147415,0.15069405479860828
82.04390244,73.2651772719425,8.778725168057491,0.5689133215717982,0.4535967835486646,0.4964290128379178,0.10569798419549707
81.29512195,83.70772673467832,2.4126047846783223,0.5553840056473061,0.5151346389123238,0.5804674595651346,0.0813740373797881
82.79756098,77.24501355179888,5.552547428201123,0.6925991491433072,0.4681033784781848,0.521705126016012,0.12271827202608294
80.79512195,83.32879893371765,2.5336769837176547,0.5109828996144192,0.5197734605964408,0.5765020624119764,0.07835108761392505
