LE,Predicted LE,Error,Health_Expenditure,GDP_Per_Capita,Education,Unemployment
81.10487805,82.09309273981793,0.9882146898179371,0.5155937186213913,0.37933458884982746,0.6460035559199027,0.1517116061325838
80.39512195,85.12397529060715,4.728853340607145,0.4571305844427462,0.5397703550821791,0.5870078948228256,0.0619003031972408
80.70243902,82.48963000512072,1.7871909851207164,0.5076173006653919,0.3779884320821173,0.6479668284342778,0.16108815455347994
81.70487805,75.61229228107808,6.092585768921921,0.4963619823834949,0.3575957636080307,0.5463241872816507,0.20987100444361226
78.74146341,85.117010249662,6.375546839662007,0.8546198708962466,0.4186069764646437,0.5948593492894059,0.21240002422325516
76.83658537,72.63626615425432,4.2003192157456795,0.4963216305491325,0.3769399533355139,0.5360067979506481,0.12230261820082534
82.52439024,74.89725959932258,7.6271306406774215,0.4832945859937505,0.3135104549558333,0.5482194378401528,0.26604119497338297
81.64878049,74.06572504553279,7.583055444467206,0.4340350778480756,0.344929859876277,0.5514664464679209,0.19141211886175935
81.4902439,75.69148415674462,5.798759743255374,0.5137892173372077,0.3650671020177255,0.5749123455310534,0.14628109205391504
