LE,Predicted LE,Error,Health_Expenditure,GDP_Per_Capita,Education,Unemployment
73.47,68.7244900585037,4.7455099414962945,0.048947198939254734,0.06386485952981727,0.3761534676559733,0.8183557793247304
81.38780488,82.67975518335851,1.2919503033585045,0.2272367216074641,0.19689093426623344,0.707311753234514,0.6299369264786553
