LE,Predicted LE,Error,Health_Expenditure,GDP_Per_Capita,Education,Unemployment
81.0902439,71.41024549767002,9.679998402329986,0.5230626909977266,0.3602029969942917,0.536594207412348,0.1290313812339942
81.13658537,74.95250757025659,6.18407779974342,0.4998659937246594,0.3655216340787471,0.5737544338834936,0.13859145775753182
80.34390244,85.14904502574242,4.805142585742431,0.4343674935299017,0.5294645434154642,0.5917119894556682,0.08633221756243817
82.20487805,86.77224391146527,4.567365861465262,0.535872388138877,0.3772381092751647,0.6922003185274906,0.19518541025842226
82.25365854,84.17875380198859,1.925095261988588,0.526828970574353,0.3647902840510665,0.6687121323681385,0.20927180964118475
